USE shipping;

INSERT INTO containers
VALUES
('A005', 8, 8, 40, 49150, 'FIE3948');

INSERT INTO containers
VALUES
('B010', 8, 8, 20, 32000, 'FIE3948');

INSERT INTO containers
VALUES
('C015', 8, 8, 40, 52455, 'KON1459');

INSERT INTO containers
VALUES
('D020', 8, 8, 40, 47895, 'BUT9856');

INSERT INTO containers
VALUES
('E025', 8, 8, 20, 45050, 'BUT9856');

INSERT INTO containers
VALUES
('F030', 8, 8, 20, 41225, 'IMO1539');

INSERT INTO containers
VALUES
('G035', 8, 8, 20, 38600, 'OOL3239');

INSERT INTO containers
VALUES
('H040', 8, 8, 40, 50385, 'OOL3239');

INSERT INTO containers
VALUES
('I045', 8, 8, 40, 51355, 'OOL3239'); 

INSERT INTO containers
VALUES
('J050', 8, 8, 40, 52895, NULL);

INSERT INTO containers
VALUES
('KO55', 9, 8, 20, 30020, 'UCN8269');

INSERT INTO containers
VALUES
('L060', 9, 8, 20, 28775, 'DUR2394');

INSERT INTO containers
VALUES
('M065', 9, 8, 40, 49550, 'DUR2394');

INSERT INTO containers
VALUES
('N070', 9, 8, 20, 31055, 'NEH2940');

INSERT INTO containers
VALUES
('O075', 9, 8, 40, 51630, 'PEK4972');

INSERT INTO containers
VALUES
('P080', 9, 8, 20, 34220, 'PEK4972');

INSERT INTO containers
VALUES
('Q085', 9, 8, 20, 23405, 'PEK4972');

INSERT INTO containers
VALUES
('R090', 9, 8, 20, 27365, NULL);

INSERT INTO containers
VALUES
('S095', 9, 8, 20, 40520, 'WDE4590');

INSERT INTO containers
VALUES
('T100', 9, 8, 40, 47280, 'WDE4590');

INSERT INTO ships
VALUES
('Ariel', 135000, 'Marceline', 10, 'The Port of Bluefin', 2000);

INSERT INTO ships
VALUES
('Ursula', 200000, 'Finn', 15, 'Salmon Harbor', 1995);

INSERT INTO ships
VALUES
('Sebastian', 120000, 'Jake', 10, 'The Port of Bluefin', 2002);

INSERT INTO ships
VALUES
('Triton', 200000, 'Ice', 20, 'Swordfish Wharf', 2010);

INSERT INTO ships
VALUES
('Moana', 170000, 'BMO', 15, 'Sardine Landing', 1998);

INSERT INTO ships
VALUES
('Maui', 190000, 'Lumpy', 18, 'Flounder Pier', 2020);

INSERT INTO ships
VALUES
('Nemo', 150000, 'Fionna', 12, 'Salmon Harbor', 1997);

INSERT INTO ships
VALUES
('Marlin', 175000, 'Cake', 20, 'Sardine Landing', 2005);

INSERT INTO ships
VALUES
('Dory', 165000, 'Cinnamon', 10, 'Flounder Pier', 2008);

INSERT INTO ships
VALUES
('Crush', 175000, 'Peppermint', 18, 'Swordfish Wharf', 2021);

INSERT INTO ports
VALUES
('Swordfish Wharf', 'Rotterdam', 'Netherlands');

INSERT INTO ports
VALUES
('Sardine Landing', 'Helsinki', 'Finland');

INSERT INTO ports
VALUES
('Flounder Pier', 'San Diego', 'United States');

INSERT INTO ports
VALUES
('Salmon Harbor', 'Barcelona', 'Spain');

INSERT INTO ports
VALUES
('The Port of Bluefin', 'Honolulu', 'United States');